Категория,Подкатегория по сути проблемы,Подкатегория по области действия,Тема
Дорожное покрытие,Ямы,Городские округа и сельские поселения,Нарушение дорожного покрытия (ямы) на дорогах в границах городских округов и сельских поселений
Дорожное покрытие,Отсутствие твёрдого дорожного покрытия,Городские округа и сельские поселения,Отсутствие твёрдого дорожного покрытия на дорогах в границах городских округов и сельских поселений
Дорожное покрытие,Ямы,Многоквартирные дома,Ямы и выбоины на внутридворовых проездах и тротуарах в районах многоквартирных домов
Дорожное покрытие,Ямы,Общее,Ямы и выбоины на тротуарах
Дорожное покрытие,Ямы,Дороги регионального назначения,Нарушение дорожного покрытия (ямы) на дорогах регионального и межмуниципального значения
Дорожное покрытие,Ямы,ИЖС,Нарушение дорожного покрытия (ямы) на дорогах в микрорайонах ИЖС
Дорожное покрытие,Необходимо строительство,Общее,Необходимо строительство тротуара
Дорожное покрытие,Искуственные неровности,Городские округа и сельские поселения,Искусственные неровности на дорогах в границах городских округов и сельских поселений
Дорожное покрытие,Отсутствие твёрдого дорожного покрытия,ИЖС,Отсутствие твёрдого дорожного покрытия на дорогах в микрорайонах ИЖС
Дорожное покрытие,Необходимо строительство,ИЖС,Необходимо строительство тротуара в микрорайоне ИЖС
Дорожное покрытие,Искуственные неровности,Дороги регионального назначения,Искусственные неровности на дорогах регионального и межмуниципального значения
Освещение,Неработающее/неудовлетворительное 2,Общее 2,Неработающее наружное освещение
Освещение,Освещение дорог 2,Городские округа и сельские поселения 2,Освещение дорог в границах городских округов и сельских поселений
Освещение,Неработающее/неудовлетворительное 2,Многоквартирные дома 2,Неудовлетворительная уборка и освещение мест общего пользования в многоквартирном доме
Освещение,Освещение дорог 2,Дороги регионального назначения 2,Освещение дорог регионального и межмуниципального значения
Освещение,Освещение дорог 2,ИЖС 2,Освещение дорог  в микрорайонах ИЖС
Безопасность на дороге,Пешеходные переходы 1,Городские округа и сельские поселения 1,Пешеходные переходы на дорогах в границах городских округов и сельских поселений
Безопасность на дороге,Светофоры 1,Городские округа и сельские поселения 1,Светофоры на дорогах в границах городских округов и сельских поселений
Безопасность на дороге,Дорожные знаки 1,Городские округа и сельские поселения 1,Дорожные знаки на дорогах в границах городских округов и сельских поселений
Безопасность на дороге,Безопасная дорога 1,Городские округа и сельские поселения 1,Безопасная дорога в школу на дорогах в границах городских округов и сельских поселений
Безопасность на дороге,Дорожные знаки 1,Дороги регионального назначения 1,Дорожные знаки на дорогах регионального и межмуниципального значения
Безопасность на дороге,Дорожные знаки 1,Городские округа и сельские поселения 1,Дорожная разметка на дорогах в границах городских округов и сельских поселений
Безопасность на дороге,Дорожные знаки 1,ИЖС 1,Дорожные знаки на дорогах в микрорайонах ИЖС
Безопасность на дороге,Пешеходные переходы 1,ИЖС 1,Пешеходные переходы на дорогах в микрорайонах ИЖС
Безопасность на дороге,Светофоры 1,Дороги регионального назначения 1,Светофоры на дорогах регионального и межмуниципального значения
Безопасность на дороге,Пешеходные переходы 1,Дороги регионального назначения 1,Пешеходные переходы на дорогах регионального и межмуниципального значения
Общественный транспорт,Недостаточно 111,Муниципальные перевозки,Недостаточное количество транспорта на маршруте при осуществлении муниципальных (пригородных) перевозок
Общественный транспорт,Нарушение правил 111,Муниципальные перевозки,Нарушение правил посадки и высадки пассажиров при осуществлении муниципальных (пригородных) перевозок
Общественный транспорт,Неудовлетворительно 111,Муниципальные перевозки,Неудовлетворительное санитарное состояние транспорта при осуществлении  муниципальных (пригородных) перевозок
Общественный транспорт,Нарушение правил 111,Муниципальные перевозки,"Нарушения, связанные с оплатой проезда при осуществлении муниципальных (пригородных) перевозок"
Общественный транспорт,График 111,Муниципальные перевозки,Неудобный график движения при осуществлении муниципальных (пригородных) перевозок
Общественный транспорт,Остановки 111,Муниципальные перевозки,Остановки общественного транспорта на дорогах в границах городских округов и сельских поселений
Общественный транспорт,График 111,Муниципальные перевозки,Нарушение графика движения при осуществлении муниципальных (пригородных) перевозок
Общественный транспорт,Неудовлетворительно 111,Муниципальные перевозки,Неудовлетворительный внешний вид (поведение) водителя при осуществлении муниципальных (пригородных) перевозок
Общественный транспорт,Недостаточно 222,Ж/д перевозки,Необходимо назначение дополнительных поездов
Общественный транспорт,График 222,Ж/д перевозки,Неудобный график движения пригородного ж/д транспорта
Общественный транспорт,Неудовлетворительно 222,Ж/д перевозки,Неудовлетворительное санитарное или техническое состояние вагонов
Общественный транспорт,Тарификация 222,Ж/д перевозки,Тарификация ж/д перевозок
Общественный транспорт,Недостаточно 222,Ж/д перевозки,Недостаточное количество вагонов
Общественный транспорт,Недостаточно 333,Внутриобластные перевозки,Недостаточное количество транспорта на маршруте при осуществлении внутриобластных междугородных перевозок
Общественный транспорт,Остановки 333,Внутриобластные перевозки,Остановки общественного транспорта на дорогах регионального и межмуниципального значения
Общественный транспорт,Неудовлетворительно 333,Внутриобластные перевозки,Неудовлетворительный внешний вид (поведение) водителя при осуществлении внутриобластных междугородных перевозок
Общественный транспорт,График 333,Внутриобластные перевозки,Нарушение графика движения при осуществлении внутриобластных междугородных перевозок
Общественный транспорт,График 333,Внутриобластные перевозки,Неудобный график движения при осуществлении внутриобластных междугородных перевозок
Общественный транспорт,Неудовлетворительно 333,Внутриобластные перевозки,Неудовлетворительное санитарное состояние транспорта при осуществлении внутриобластных междугородных перевозок
Общественный транспорт,Нарушение правил 333,Внутриобластные перевозки,Нарушение правил посадки и высадки пассажиров при осуществлении внутриобластных междугородных перевозок
Общественный транспорт,Нарушение правил 333,Внутриобластные перевозки,"Нарушения, связанные с оплатой проезда при осуществлении внутриобластных междугородных перевозок"
Общая безопасность,Отсутствие люков на коммуникационных колодцах 3,Общее 3,Отсутствие люков на коммуникационных колодцах
Общая безопасность,Аварийные деревья 3,Общее 3,Аварийные деревья
Общая безопасность,Безнадзорные животные 3,Общее 3,Безнадзорные животные
Общая безопасность,Нарушение правил пожарной безопасности в сфере природопользования 3,Общее 3,Нарушение правил пожарной безопасности в сфере природопользования
Отходы,Несанкционированный 4,Общее 4,Несанкционированные свалки твёрдых бытовых отходов
Отходы,Не соответствует нормам 4,Многоквартирные дома 4,Не соответствующий установленным нормам сбор и вывоз твёрдых бытовых отходов в районах многоквартирных домов
Отходы,Грязь/запах 4,Общее 4,Неприятные запахи
Отходы,Не соответствует нормам 4,Частный сектор 4,Не соответствующий установленным нормам сбор и вывоз твёрдых бытовых отходов с территории частного сектора
Отходы,Несанкционированный 4,Общее 4,Несанкционированный сброс жидких бытовых отходов
Отходы,Грязь/запах 4,Общее 4,Загрязнение водных объектов
Снабжение помещений,Нарушение 5,Многоквартирные дома 5,Нарушение теплоснабжения многоквартирного дома
Снабжение помещений,Некачественное 5,Многоквартирные дома 5,Некачественное водоснабжение многоквартирного дома
Снабжение помещений,Некачественное 5,Частный сектор 5,Некачественное водоснабжение в районе частного сектора
Снабжение помещений,Нарушение 5,Частный сектор 5,"Нарушения, связанные с содержанием электросети и качеством энергоснабжения в районе частного сектора"
Снабжение помещений,Нарушение 5,Многоквартирные дома 5,"Нарушения, связанные с содержанием электросети и качеством энергоснабжения в многоквартирных домах"
Снабжение помещений,Нарушение 5,ИЖС 5,"Нарушения, связанные с содержанием электросети и качеством энергоснабжения в микрорайонах ИЖС"
Снабжение помещений,Не соответствует нормам 5,ИЖС 5,Не соответствующий установленным нормам сбор и вывоз твёрдых бытовых отходов с территории ИЖС
Снабжение помещений,Не соответствует нормам 5,Общее 5,Ненадлежащее исполнение управляющей компанией работ по содержанию электросети и обеспечению энергоснабжением в многоквартирных домах
Снабжение помещений,Некачественное 5,ИЖС 5,Некачественное водоснабжение в микрорайонах ИЖС
Уборка улиц,Неудовлетворительно 6,Общее 6,Неудовлетворительная уборка улиц и тротуаров
Уборка улиц,Очистка от снега 6,Городские округа и сельские поселения 6,Очистка от снега и наледи дорог в границах городских округов и сельских поселений
Уборка улиц,Некачественное 6,Многоквартирные дома 6,Некачественная уборка дворовой территории многоквартирных домов
Уборка улиц,Очистка от снега 6,Многоквартирные дома 6,Несвоевременная очистка дворовой территории многоквартирных домов от наледи и снега
Уборка улиц,Очистка от снега 6,Дороги регионального назначения 6,Очистка от снега и наледи дорог регионального и межмуниципального значения
Социально-правовой вопрос ,Нарушение 7,Общее 7,Нарушения в вопросах назначения и выплат пособий и компенсаций
Социально-правовой вопрос ,Управляющая компания 7,Общее 7,Длительное неисполнение заявок управляющей компанией
Социально-правовой вопрос ,Нарушение 7,Общее 7,"Нарушения порядка предоставления мер социальной поддержки, в т.ч. адресной помощи"
Социально-правовой вопрос ,Нарушение 7,Общее 7,Нарушения в вопросах оплаты услуг ЖКХ
Социально-правовой вопрос ,Управляющая компания 7,Общее 7,Неэтичное поведение руководства и работников управляющей компании
Социально-правовой вопрос ,Нарушение 7,Общее 7,"Нарушения в вопросах установления инвалидности, обеспечения средствами реабилитации"
Социально-правовой вопрос ,Льготы/помощь 7,Общее 7,Социальные льготы
Социально-правовой вопрос ,Управляющая компания 7,Общее 7,Неудовлетворительная работа диспетчерской службы управляющей компании
Социально-правовой вопрос ,Меры поддержки 7,Общее 7,Меры поддержки в условиях неблагоприятной эпидемиологической ситуации среднему и малому бизнесу
Социально-правовой вопрос ,Нарушение 7,Общее 7,Нарушения порядка обеспечения жильем льготных категорий граждан
Социально-правовой вопрос ,Меры поддержки 7,Общее 7,Меры поддержки в условиях неблагоприятной эпидемиологической ситуации в сфере торговли
Социально-правовой вопрос ,Нарушение 7,ИЖС 7,Нарушения в вопросах оплаты коммунальных услуг в микрорайонах ИЖС
Социально-правовой вопрос ,Нарушение 7,Общее 7,Нарушения порядка присвоение звания «Ветеран труда»
Социально-правовой вопрос ,Нарушение 7,Общее 7,"Нарушения, связанные с обеспечением детским питанием"
Социально-правовой вопрос ,Меры поддержки 7,Общее 7,Меры поддержки в условиях неблагоприятной эпидемиологической ситуации в сфере медицины
Социально-правовой вопрос ,Нарушение 7,Общее 7,Нарушения в вопросах оплаты коммунальных услуг
Социально-правовой вопрос ,Трудовые отношения 7,Общее 7,Несвоевременная выплата заработной платы
Социально-правовой вопрос ,Льготы/помощь 7,Общее 7,Вопросы оказания помощи беженцам
Социально-правовой вопрос ,Трудовые отношения 7,Общее 7,Неоформленные трудовые отношения
Оказание услуг,Отсутствие 8,Общее 8,Отсутствие услуги доступа в сеть Интернет
Оказание услуг,Отсутствие 8,Общее 8,Вопросы предоставления государственных и муниципальных услуг
Оказание услуг,Некачественное 8,Общее 8,"Неудовлетворительное качество товара, оказания услуги"
Оказание услуг,Некачественное 8,Общее 8,Некачественное предоставление государственных услуг службой занятости населения
Оказание услуг,Некачественное 8,Общее 8,Некачественное предоставление услуг сотовой связи
Оказание услуг,Нарушение 8,Общее 8,"Нарушение сроков реализации товара, оказания услуг"
Оказание услуг,Некачественное 8,Общее 8,Некачественное предоставление услуг почтовой связи
Оказание услуг,Некачественное 8,Общее 8,Низкое качество работы учреждений физической культуры и спорта
Медицинское обслуживание,Некачественное 9,Общее 9,Неудовлетворительное качество оказания медицинской помощи
Медицинское обслуживание,Нарушение 9,Общее 9,Нарушения связанные с обеспечением лекарственными средствами
Медицинское обслуживание,Вакцинация 9,Общее 9,Сертификат вакцинированного
Медицинское обслуживание,Вакцинация 9,Общее 9,Сертификат переболевшего
Медицинское обслуживание,Вакцинация 9,Общее 9,Вакцинация от COVID-19
Медицинское обслуживание,Вакцинация 9,Общее 9,Проблемы с записью на вакцинацию
Медицинское обслуживание,Нарушение 9,Общее 9,"Нарушения связанные с записью на прием, работой электронной регистратуры"
Медицинское обслуживание,Вакцинация 9,Общее 9,Я хочу задать вопрос о вакцинации
Медицинское обслуживание,Вакцинация 9,Общее 9,"ПЦР-тест, тест на антитела"
Медицинское обслуживание,Вакцинация 9,Общее 9,Отказ в вакцинации
Медицинское обслуживание,Некачественное 9,Общее 9,Недостаточное обеспечение кадрами учреждений здравоохранения
Содержание локаций,Неудовлетворительно 11,Многоквартирные дома 11,Неудовлетворительное содержание детской (спортивной) площадки на территории многоквартирных домов
Содержание локаций,Некачественное 11,Многоквартирные дома 11,Несвоевременный (некачественный) текущий ремонт многоквартирного дома
Содержание локаций,Неудовлетворительно 11,Улица/общественное место 11,Неудовлетворительное содержание клумб и газонов
Содержание локаций,Неудовлетворительно 11,Улица/общественное место 11,Неудовлетворительное содержание парков и скверов
Содержание локаций,Неудовлетворительно 11,Улица/общественное место 11,"Неудовлетворительное содержание фасадов зданий и сооружений, общественных мест"
Содержание локаций,Неудовлетворительно 11,Улица/общественное место 11,Неудовлетворительное санитарное состояние и благоустройство памятников
Содержание локаций,Некачественное 11,Многоквартирные дома 11,Некачественный капитальный ремонт многоквартирного дома
Содержание локаций,Несвоевременно 11,Образовательное учреждение 11,Несвоевременное восстановление нарушенного благоустройства после проведения ремонтных работ
Содержание локаций,Неудовлетворительно 11,Образовательное учреждение 11,Неудовлетворительное состояние прилегающей территории дошкольного учреждения
Содержание локаций,Неудовлетворительно 11,Образовательное учреждение 11,Неудовлетворительное состояние прилегающий территории школы
Содержание локаций,Неудовлетворительно 11,Общее 11,Аварийное жильё
Содержание локаций,Неудовлетворительно 11,Улица/общественное место 11,Неудовлетворительное содержание спортивных площадок (сооружений)
Содержание локаций,Сломано 11,Многоквартирные дома 11,Сломанные малые архитектурные формы в районах многоквартирных домов
Содержание локаций,Сломано 11,Многоквартирные дома 11,Неисправный лифт в многоквартирном доме
Содержание локаций,Неудовлетворительно 11,Многоквартирные дома 11,Ненадлежащее исполнение управляющей компанией работ по уборке и освещению мест общего пользования в многоквартирном доме
Содержание локаций,Неудовлетворительно 11,ИЖС 11,Неудовлетворительное содержание детской  (спортивной) площадки в микрорайоне ИЖС
Содержание локаций,Неудовлетворительно 11,Улица/общественное место 11,Неудовлетворительное состояние прилегающей территории торгового учреждения
Содержание локаций,Неудовлетворительно 11,Частный сектор 11,Неудовлетворительное содержание детской  (спортивной) площадки в районе частного сектора
Растительность,Нескошенная 12,ИЖС 12,Нескошенная сорная растительность в местах общего пользования в микрорайонах ИЖС
Растительность,Нескошенная 12,Частный сектор 12,Нескошенная сорная растительность в местах общего пользования в районах частного сектра
Удобства,Вода 23,Общее 23,Ливневая канализация
Удобства,Парковки 23,Городские округа и сельские поселения 23,Парковки на дорогах в границах городских округов и сельских поселений
Удобства,Вода 23,Общее 23,Водоотведение
Образование,Посменное обучение 34,Общее 34,Посменное обучение
Образование,Наличие очереди на места в дошкольные учреждения 34,Общее 34,Наличие очереди на места в дошкольные учреждения
Образование,Меры поддержки 34,Общее 34,Меры поддержки в условиях неблагоприятной эпидемиологической ситуации в сфере образования
Образование,Отсутствие 34,Городские округа и сельские поселения 34,Отсутствие школы в микрорайоне (сельской территории)
Образование,Неудовлетворительно 34,Общее 34,Неудовлетворительное качество работы учителей и другого персонала
Образование,Неудовлетворительно 34,Общее 34,Неудовлетворительное качество работы воспитателей и другого персонала
Образование,Неудовлетворительно 34,Общее 34,Неудовлетворительное качество работы преподавателей и другого персонала учреждения дополнительного образования
Материально-техническое обеспечение,Неудовлетворительно 45,Общее 45,Неудовлетворительное материально-техническое обеспечение школы
Материально-техническое обеспечение,Неудовлетворительно 45,Общее 45,Неудовлетворительное материально-техническое состояние учреждений здравоохранения
Материально-техническое обеспечение,Неудовлетворительно 45,Общее 45,Неудовлетворительное материально-техническое обеспечение дошкольного учреждения
Материально-техническое обеспечение,Неудовлетворительно 45,Общее 45,Плохое материально-техническое оснащение учреждений физической культуры и спорта
Незаконные деяния,Незаконная наружная реклама 56,Общее 56,Незаконная наружная реклама
Незаконные деяния,Порча земель 56,Общее 56,Порча земель
Незаконные деяния,Несанкционированный 56,Общее 56,Несанкционированная торговля
Незаконные деяния,Несанкционированный 56,Общее 56,Несанкционированная вырубка зелёных насаждений в лесопарковых зонах
Незаконные деяния,Несанкционированный 56,Общее 56,Несанкционированная вырубка зелёных насаждений в населённых пунктах
Строительство,Нарушение 67,Общее 67,Нарушение строительных норм
Строительство,Отсутствие 67,Общее 67,Отсутствует (неактуален) паспорт строительного объекта
Строительство,Не завершено 67,Общее 67,«Замороженная» стройка
Строительство,Не завершено 67,Общее 67,Незавершенное благоустройство после сдачи  строительного объекта в эксплуатацию
Строительство,Несвоевременно 67,ИЖС 67,Несвоевременное (некачественное) строительство инженерных сетей в микрорайонах ИЖС
Строительство,Отсутствие 67,Общее 67,Отсутствует (нарушено) ограждение строительного объекта
Строительство,Отсутствие 67,ИЖС 67,Необходимо строительство детской (спортивной) площадки в микрорайоне ИЖС
Строительство,Грязь/запах 67,Общее 67,Загрязнение территории прилегающей к строительному объекту
Мероприятия,Низкое качество проведения культурно-массовых мероприятий 78,Общее 78 ,Низкое качество проведения культурно-массовых мероприятий
Мероприятия,Низкое качество проведения культурно-массовых мероприятий 78,Общее 78 ,Низкое качество проведения спортивных мероприятий
Портал Госуслуг,"Ошибка отображения данных об услугах, организациях, ведомствах на Портале госуслуг 79",Общее 79,"Ошибка отображения данных об услугах, организациях, ведомствах на Портале госуслуг"
Дневник самонаблюдения,Дневник самонаблюдения 89,Общее 89,Дневник самонаблюдения
Тестовая категория,Тестовая категория 90,Общее 90,Тестовая категория